{
	"display": {
		"icon": {
			"item": "minecraft:stonecutter"
        },
		"title": "Woodcutter",
		"description": "De nouvelles recettes dans le stonecutter",
        "announce_to_chat": false,
        "frame": "task",
        "parent": "koalalaland:connect"
	},
	"criteria": {
		"woodcutter": {
			"trigger": "minecraft:inventory_changed",
			"conditions": {
				"items": [
					{
						"item": "minecraft:stonecutter"
					}
				]
			}
		}
    },
    "rewards": {
        "experience": 0
    }
}