{
	"display": {
		"icon": {
			"item": "minecraft:dropper"
        },
		"title": "Nouvelle vie",
		"description": "Un dispenser et un arc c'est forcément un dropper",
        "announce_to_chat": false,
        "frame": "task"
	},
    "parent": "koalalaland_achivements:crafting/red_sand",
	"criteria": {
		"woodcutter": {
			"trigger": "minecraft:inventory_changed",
			"conditions": {
				"items": [
					{
						"items": [ "minecraft:crafting_table" ]
					}
				]
			}
		}
    },
    "rewards": {
        "experience": 0
    }
}