{
	"display": {
		"icon": {
			"item": "minecraft:crafting_table"
        },
		"title": "New recipes",
		"description": "De nouveau craft",
        "announce_to_chat": false,
        "frame": "goal"
	},
    "parent": "koalalaland_achivements:root",
	"criteria": {
		"woodcutter": {
			"trigger": "minecraft:inventory_changed",
			"conditions": {
				"items": [
					{
						"item": "minecraft:crafting_table"
					}
				]
			}
		}
    },
    "rewards": {
        "loot": [
            "koalalaland_achivements:crafting"
        ]
    }
}