{
	"display": {
		"icon": {
			"item": "minecraft:stonecutter"
        },
		"title": "Woodcutter",
		"description": "De nouvelles recettes dans le stonecutter",
        "announce_to_chat": false,
        "frame": "goal"
	},
    "parent": "koalalaland_achivements:root",
	"criteria": {
		"woodcutter": {
			"trigger": "minecraft:inventory_changed",
			"conditions": {
				"items": [
					{
						"item": "minecraft:stonecutter"
					}
				]
			}
		}
    },
    "rewards": {
        "loot": [
            "koalalaland_achivements:woodcutter"
        ]
    }
}