{
	"pools": [
	  {
		"rolls": 1,
		"entries": [
		  {
			"type": "minecraft:item",
			"name": "minecraft:player_head",
			"functions": [
			  {
				"function": "minecraft:set_nbt",
				"tag": "{SkullOwner:{Id:[I;2112596266,1113669941,-1336057881,-2008764531],Properties:{textures:[{Value:'eyJ0ZXh0dXJlcyI6eyJTS0lOIjp7InVybCI6Imh0dHA6Ly90ZXh0dXJlcy5taW5lY3JhZnQubmV0L3RleHR1cmUvNGMzNjA0NTIwOGY5YjVkZGNmOGM0NDMzZTQyNGIxY2ExN2I5NGY2Yjk2MjAyZmIxZTUyNzBlZThkNTM4ODFiMSJ9fX0='}]}}}"
			  }
			]
		  }
		]
	  }
	]
  }