{
	"display": {
		"icon": {
			"item": "minecraft:nether_brick_fence"
        },
		"title": "Nether fence",
		"description": "1 nether brick block pour 1 nether brick fence",
        "announce_to_chat": false,
        "frame": "task"
	},
    "parent": "koalalaland_achivements:stonecutter",
	"criteria": {
		"woodcutter": {
			"trigger": "minecraft:inventory_changed",
			"conditions": {
				"items": [
					{
						"items": [ "minecraft:stonecutter" ]
					}
				]
			}
		}
    },
    "rewards": {}
}