{
	"display": {
		"icon": {
			"item": "minecraft:mangrove_stairs"
        },
		"title": "Stairs",
		"description": "1 planche pour 1 escalier",
        "announce_to_chat": false,
        "frame": "task"
	},
    "parent": "koalalaland_achivements:stonecutter",
	"criteria": {
		"woodcutter": {
			"trigger": "minecraft:inventory_changed",
			"conditions": {
				"items": [
					{
						"items": [ "minecraft:stonecutter" ]
					}
				]
			}
		}
    },
    "rewards": {
        "experience": 0
    }
}