{
	"pools": [
	  {
		"rolls": 1,
		"entries": [
		  {
			"type": "minecraft:item",
			"name": "minecraft:player_head",
			"functions": [
			  {
				"function": "minecraft:set_nbt",
				"tag": "SkullOwner:{Id:[I;-632574644,1532444974,-1500209265,1310597481],Properties:{textures:[{Value:'eyJ0ZXh0dXJlcyI6eyJTS0lOIjp7InVybCI6Imh0dHA6Ly90ZXh0dXJlcy5taW5lY3JhZnQubmV0L3RleHR1cmUvZDM5NDlkMGQ4ZjZkOGFlOTEzODUxZmMwMDlkOTQ2MTBjMjFjNDUxZTI3NmU4OWUxOTE2ZjMxYjVhMzY5NzFjIn19fQ=='}]}}}"
			  }
			]
		  }
		]
	  }
	]
  }