{
	"display": {
		"icon": {
			"item": "minecraft:player_head",
            "nbt": "{SkullOwner:{Id:[I;-1499234658,-947173495,-1223458792,1394086091],Properties:{textures:[{Value:'eyJ0ZXh0dXJlcyI6eyJTS0lOIjp7InVybCI6Imh0dHA6Ly90ZXh0dXJlcy5taW5lY3JhZnQubmV0L3RleHR1cmUvZWJiZmFkODE1NzY4OGNkZjFiNDljNjlmMzhiOTVlNjc1NTZkZTZiN2JmYmYyMGEzMzA3MmM5ZmQ0MzEwN2RmYyJ9fX0='}]}}}"
		},
		"title": "Koalalaland Advancements",
		"description": "Quelques fixes d'avancements",
        "announce_to_chat": false,
        "frame": "goal",
        "parent": "koalalaland_achivements:root"
	},
	"criteria": {
		"connect": {
			"trigger": "minecraft:inventory_changed"
		}
    },
    "rewards": {
        "experience": 0,
        "loot": "koalalaland_achivements:koala"
    }
}