{
    "display": {
        "icon": {
			"item": "minecraft:player_head",
            "nbt": "{SkullOwner:{Id:[I;-1499234658,-947173495,-1223458792,1394086091],Properties:{textures:[{Value:'eyJ0ZXh0dXJlcyI6eyJTS0lOIjp7InVybCI6Imh0dHA6Ly90ZXh0dXJlcy5taW5lY3JhZnQubmV0L3RleHR1cmUvZWJiZmFkODE1NzY4OGNkZjFiNDljNjlmMzhiOTVlNjc1NTZkZTZiN2JmYmYyMGEzMzA3MmM5ZmQ0MzEwN2RmYyJ9fX0='}]}}}"
		},
        "title": "Koalalaland Advancements",
        "description": "Quelques fixes d'avancements",
        "background": "minecraft:textures/block/stripped_mangrove_log_top.png",
        "show_toast": true,
        "announce_to_chat": false,
        "frame": "goal"
    },
    "criteria": {
		"root": {
			"trigger": "minecraft:tick"
		}
    },
    "rewards": { }
}